{
    "selected_model": "logistic_regression",
    "validation_metrics": {
        "logistic_regression": {
            "model_name": "logistic_regression",
            "accuracy": 0.9468666666666666,
            "precision": 0.43306510607168985,
            "recall": 0.9641693811074918,
            "f1_score": 0.5976779404341241,
            "roc_auc": 0.9898450176180154,
            "pr_auc": 0.8218691992800053,
            "false_negative_rate": 0.035830618892508145,
            "confusion_matrix": {
                "true_negative": 13611,
                "false_positive": 775,
                "false_negative": 22,
                "true_positive": 592
            }
        },
        "random_forest": {
            "model_name": "random_forest",
            "accuracy": 0.9668666666666667,
            "precision": 0.5607476635514018,
            "recall": 0.8794788273615635,
            "f1_score": 0.6848446417247939,
            "roc_auc": 0.9887440331737651,
            "pr_auc": 0.8022138088004204,
            "false_negative_rate": 0.12052117263843648,
            "confusion_matrix": {
                "true_negative": 13963,
                "false_positive": 423,
                "false_negative": 74,
                "true_positive": 540
            }
        }
    },
    "final_test_metrics": {
        "model_name": "logistic_regression",
        "accuracy": 0.9445333333333333,
        "precision": 0.42236467236467234,
        "recall": 0.9657980456026058,
        "f1_score": 0.5877106045589693,
        "roc_auc": 0.9899927589753158,
        "pr_auc": 0.8286823557194768,
        "false_negative_rate": 0.03420195439739414,
        "confusion_matrix": {
            "true_negative": 13575,
            "false_positive": 811,
            "false_negative": 21,
            "true_positive": 593
        }
    }
}